SKU (Product Code),Product Name,Description,Price,Quantity,Image URL,Page Yield,Compatible Printers
TN 2280,TN 2280,TN 2280 FOR MFC 7360/7860,905.57,1.00,https://dealerportal.brother.co.za/wl/?id=IkWsdkPcX4AQMT8Of9EDo6FliveLMR9w,"2,600 pages","DCP-7060D, MFC-7360, HL-2240D"
TN 2355,TN 2355,TONER CARTRIDGE (YIELD: 2 600 PAGES),717.00,1.00,https://dealerportal.brother.co.za/wl/?id=WpfJkQNQ1Coa9zmUAYTnTGcDsOzxD4GD,2600 Pages,"DCP-L2520D, MFC-L2700D, HL-L2320D"
TN 369 BK,TN 369 BK,TONER BLACK MFC L-8850 CDW,"1,333.96",1.00,https://dealerportal.brother.co.za/wl/?id=yRz3xMvv5bC86VEFckfHbZfFyBXT2HCw,"3,500 pages","DCP-L8410CDW, MFC-L8690CDW, HL-L8260CDW"
TN 369 C,TN 369 C,TONER CYAN MFC L 8850 CDW,"2,390.14",1.00,https://dealerportal.brother.co.za/wl/?id=ZsOODT6dB1NYrw9rGMfZyxyBOfMXRJBn,"3,500 pages","DCP-L8410CDW, MFC-L8690CDW, HL-L8260CDW"
TN 369 M,TN 369 M,TONER MAGENTA MFC L 8850 CDW,"2,394.36",1.00,https://dealerportal.brother.co.za/wl/?id=zDW30LIBHFCtoFBcFrlhbX39zvcQGpRb,"3,500 pages","DCP-L8410CDW, MFC-L8690CDW, HL-L8260CDW"
TN 369 Y,TN 369 Y,TONER YELLOW MFC 8850 CDW,"2,098.13",1.00,https://dealerportal.brother.co.za/wl/?id=csvGDiO0UK6KuNPptzOfSK2ImDDmE60c,"8,000 pages","DCP-L8410CDW, MFC-L8690CDW, HL-L8260CDW"
TN-3350,TN-3350,MFC 8510DN TONER (8000 PG YIELD),"1,571.13",1.00,https://dealerportal.brother.co.za/wl/?id=NWh4eF0k9RczQN7Y7yUPEoaPjyE4oKCO,"25,000 pages","DCP-8110DN, MFC-8510DN, HL-5450DN"
TN-3617XXL,TN-3617XXL,25K YIELD TONER FOR 6910DN/6410DN,"1,725.00",1.00,https://dealerportal.brother.co.za/wl/?id=tIFQbO5T9niXmCe0yws8oj0LCKrL0DUW,"11,000 pages","DCP-L5510DN, MFC-L5710DW, HL-L5210DN"
TN-3607XXL,TN-3607XXL,11K YIELD TONER FOR 5710DW/5510DW/5210DW,"1,540.00",1.00,https://dealerportal.brother.co.za/wl/?id=23CaTUaLy1f2dya5pU0TV4jrDRhaWu9l,"12,000 pages","DCP-L5510DW, MFC-L5710DW, HL-L5210DN"
TN-3487,TN-3487,TONER FOR MFC-L6900DW,"1,462.09",1.00,https://dealerportal.brother.co.za/wl/?id=y774yFmWdzOSBbm1ZVcZPZcwD1xlvluf,"8,000 pages","DCP-L5500DN, MFC-L6900DW, HL-L5200DW"
TN-3467,TN-3467,TONER FOR MFC-L5700DN,"1,338.42",1.00,https://dealerportal.brother.co.za/wl/?id=4p7Upx0w9dicadBS4hMQUqjtCpMS9XpQ,"6,500 pages","DCP-L5500DN, MFC-L6900DW, HL-L5200DW"
TN 469 BK,TN 469 BK,TONER FOR MFC L8690 BLACK,"1,681.58",1.00,https://dealerportal.brother.co.za/wl/?id=lsjhiHO4qtKPukK2g9BuAs6sLy8l5fd7,9000 pages,MFC-L8690CDW
TN 469 C,TN 469 C,TONER FOR MFC L8690 CYAN,"2,113.46",1.00,https://dealerportal.brother.co.za/wl/?id=2LNk746nEXWSpgd9zNsfO9GJrmBassV0,9000 pages,MFC-L8690CDW
TN 469 M,TN 469 M,TONER FOR MFC L8690 MAGENTA,"2,114.17",1.00,https://dealerportal.brother.co.za/wl/?id=DVtZlIg76X2fM6Pc0vrdXv3EJwbg7w4O,9000 pages,MFC-L8690CDW
TN 469 Y,TN 469 Y,TONER FOR MFC L8690 YELLOW,"2,103.69",1.00,https://dealerportal.brother.co.za/wl/?id=JzJiIZHWhDMlIPLCO2Tnv8tvP8GYnbgs,"9,000 pages ",MFC-L8690CDW
TN-871XXLM,TN-871XXLM,TONER HL-L9430CDN; MFC-L9630CDN,"2,731.07",1.00,https://dealerportal.brother.co.za/wl/?id=vgfqbeYkNzBCvh2tn8rHuVbTEqLz72Er,15000 Pages,HL-L9430CDN; MFC-L9630CDN
TN-871XXLY,TN-871XXLY,TONER HL-L9430CDN; MFC-L9630CDN,"2,731.07",1.00,https://dealerportal.brother.co.za/wl/?id=eKksSoAQzhZE26epkLY2yhqYV5kcLEbT,12000 pages,HL-L9430CDN; MFC-L9630CDN
TN-871XXLBK,TN-871XXLBK,TONER HL-L9430CDN; MFC-L9630CDN,"2,093.16",1.00,https://dealerportal.brother.co.za/wl/?id=uUqfxYRlPW9UMWRypAv3tnpiwQg2Ovb5,12000 pages,HL-L9430CDN; MFC-L9630CDN
TN-871XXLC,TN-871XXLC,TONER HL-L9430CDN; MFC-L9630CDN,"2,731.07",1.00,https://dealerportal.brother.co.za/wl/?id=RpLqUV1qpvwpgu5QLc5Iespa8Hgax3Vx,12000 pages,HL-L9430CDN; MFC-L9630CDN
TN-240C,TN-240C,"CYAN TONER FOR HL3040CN, MFC9120CN, 912",800.99,1.00,https://dealerportal.brother.co.za/wl/?id=VSPL5lsRyukzcOUUcxjFndCcg6pRgCij,"2,200 pages","HL3040CN, MFC9120CN, "
TN-240Y,TN-240Y,"YELLOW TONER 4 HL3040CN, MFC9120CN, DCP9",800.99,1.00,https://dealerportal.brother.co.za/wl/?id=nH0xta3hJ6kJx2bRe5qv3bzrY3JEp7EU,"2,200 pages","HL3040CN, MFC9120CN, "
TN-240M,TN-240M,"MAGENTA TONER 4 HL3040CN, MFC9120, DCP90",800.99,1.00,https://dealerportal.brother.co.za/wl/?id=Bxirs6868rxJ76OB1mu7aPk7uOkWLP52,2200 pages,"HL3040CN, MFC9120CN, "
TN-279XXLY,TN-279XXLY,4000 PAGE YELLOW TONER FOR MFC-L8390CDW,"1,253.84",1.00,https://dealerportal.brother.co.za/wl/?id=l0VfaQou1NwX8rVLkbzWWwEwIPsseues,"4,000 pages",MFC-L8390CDW
TN-279XXLC,TN-279XXLC,4000 PAGE CYAN TONER FOR MFC-L8390CDW,"1,689.90",1.00,https://dealerportal.brother.co.za/wl/?id=NrACEBFcKv3izkNgEoaKzNjYxb9o2NRd,"4,500 pages",MFC-L8390CDW
TN-279XXLM,TN-279XXLM,4000 PAGE MAGENTA TONER FOR MFC-L8390CDW,"1,689.90",1.00,https://dealerportal.brother.co.za/wl/?id=m02Oo1xkPRTOvTrSCG3oaOJHRCS1SJgW,"4,000 pages",MFC-L8390CDW
TN-240BK,TN-240BK,"TONER FOR HL3040CN, MFC9120CN, DCP9010CN",835.60,1.00,https://dealerportal.brother.co.za/wl/?id=LvyZtJVTPFoCW1xkBjTkuOQ6S7r6Vxnm,"2,300 pages",MFC-L8390CDW
TN-279XXLBK,TN-279XXLBK,4500 PAGE YIELD TONER FOR MFC-8390CDW,"1,156.93",1.00,https://dealerportal.brother.co.za/wl/?id=jwNUKozNbvRJUo9a9FSWbazl3AkLrioS,4500 Pages,MFC-L8390CDW
TN-277Y,TN-277Y,YELLOW TONER FOR MFC 3750,"1,238.23",1.00,https://dealerportal.brother.co.za/wl/?id=bkYNIMpagcpnQNworNQoTFozM24XO3hy,"3,000 pages",MFC 3750
TN-277C,TN-277C,CYAN TONER FOR MFC 3750,"1,238.23",1.00,https://dealerportal.brother.co.za/wl/?id=AWhVtoSLtoWINkwZLzP5izdvUS0zKDZk,"2,300 pages",MFC 3750
TN-277M,TN-277M,MAGENTA TONER FOR MFC 3750,"1,238.23",1.00,https://dealerportal.brother.co.za/wl/?id=AWhVtoSLtoWINkwZLzP5izdvUS0zKDZk,"2,300 pages",MFC 3750
TN-279XLBK,TN-279XLBK,3K YIELD BLACK TONER FOR MFC-L3760CDW,999.34,1.00,https://dealerportal.brother.co.za/wl/?id=3z19uXULMlfSCdSVoYbWL2gyanSSECDz,"2,300 pages",MFC 3750
TN-279XLY,TN-279XLY,2.3K YIELD YELLOW TONER FOR MFC-L3760CDW,"1,196.09",1.00,https://dealerportal.brother.co.za/wl/?id=Mfh5QevakMnYECa3kqbxhbGhs4ojOYmT,"2,300 pages",MFC 3750
TN-277BK,TN-277BK,BLACK TONER FOR MFC 3750,"1,038.30",1.00,https://dealerportal.brother.co.za/wl/?id=3z19uXULMlfSCdSVoYbWL2gyanSSECDz,"3,000 pages",MFC 3750
TN-279XLC,TN-279XLC,2.3K YIELD CYAN TONER FOR MFC-L3760CDW,"1,196.09",1.00,https://dealerportal.brother.co.za/wl/?id=mm1WOLqFDkPI1fe8mJDR6n1v14J2KGDB,"2,300 pages",MFC 3750
TN-279XLM,TN-279XLM,2.3K YIELD MAGENTA TONER FOR MFCL3760CDW,"1,196.09",1.00,https://dealerportal.brother.co.za/wl/?id=w2FkTrDEhumkJ44jqZJfOwQ4honFArYU,"2,300 pages",MFC 3750